YEAR,TRIAL_SHORT,LOC_SHORT,TRT,REPS,SAMPLING,TRIAL_CODE
22,FRL,AB,24.0,3.0,"HI, CB",11
22,IND,AB,3.0,4.0,"Book,CB,HI,HD,ST,GR",3
22,KFMC,AB,12.0,4.0,"HI, CB",8
22,FKF,AB,12.0,4.0,"HI, CB",9
22,IWM,AB,8.0,6.0,"HI, CB,DON",14
22,NxF,AB,20.0,4.0,"HI, CB,ST,GR,Book",4
22,PMS,AB,6.0,4.0,"HI, CB",6
22,PMT,AB,12.0,4.0,"HI, CB",7
22,RAIN,AB,17.0,4.0,"F6, F10.5, SD, HI, CB",15
22,SP,AB,3.0,4.0,"HI, CB",5
22,GO,HUT17,19.0,4.0,,12
22,IWM,BE.O,8.0,5.0,"HI, CB,DON",14
22,NxF,BE.O,20.0,3.0,"HI, CB,ST,GR,Book",4
22,US,BE.O,18.0,3.0,CB,19
22,Clx2,BE.S,4.0,4.0,"F10.5, CB",1
22,IWM,BE.S,8.0,4.0,"HI, CB,DON",14
22,NxF,BE.S,20.0,3.0,"HI, CB,ST,GR,Book",4
22,PMS,BE.S,6.0,4.0,"HI, CB",6
22,SP,BE.S,3.0,4.0,"HI, CB",5
22,TP,BE.S,50.0,3.0,"HI, CB",17
22,IWM,THD,6.0,8.0,"HI, CB,DON",14
22,IWM,DCD,4.0,8.0,"HI, CB,DON",14
22,IWM,GC,8.0,5.0,"HI, CB,DON",14
22,Clx2,GB,4.0,4.0,"F10.5, CB",1
22,IND,GB,3.0,6.0,"Book,CB,HI,HD,ST,GR",3
22,IWM,GB,8.0,4.0,"HI, CB,DON",14
22,NxF,GB,20.0,4.0,"HI, CB,ST,GR,Book",4
22,SP,GB,3.0,4.0,CB,5
22,TBD,GB,20.0,1.0,CB,16
22,TP,GB,50.0,3.0,"HI, CB",17
22,Cl24,HAYS,48.0,2.0,"F10.5, CB",2
22,Clx2,HAYS,4.0,4.0,"F10.5, CB",1
22,IND,HAYS,3.0,8.0,"Book,CB,HI,HD,ST,GR",3
22,IWM,HAYS,8.0,8.0,"HI, CB,DON",14
22,NxF,HAYS,20.0,4.0,"HI, CB,ST,GR,Book",4
22,PMS,HAYS,6.0,4.0,CB,6
22,SP,HAYS,3.0,8.0,CB,5
22,TP,HAYS,50.0,4.0,"HI, CB",17
22,VGR,HAYS,5.0,8.0,CB,20
22,Clx2,HUT.E,4.0,4.0,"F10.5, CB",1
22,DP,HUT.E,19.0,4.0,CB,10
22,FKF,HUT.E,12.0,4.0,CB,9
22,NxF,HUT.E,20.0,3.0,"HI, CB,ST,GR,Book",4
22,SP,HUT.E,3.0,4.0,CB,5
22,Clx2,HUT.L,4.0,4.0,"F10.5, CB",1
22,IND,HUT.L,3.0,8.0,"Book,CB,HI,HD,ST,GR",3
22,FKF,HUT.L,12.0,4.0,CB,9
22,KFS,HUT.L,8.0,4.0,CB,24
22,IWM,HUT.L,8.0,4.0,"HI, CB,DON",14
22,NxF,HUT.L,20.0,4.0,"HI, CB,ST,GR,Book",4
22,SP,HUT.L,3.0,4.0,CB,5
22,TBD,HUT.L,,,,16
22,TP,HUT.L,50.0,3.0,"HI, CB",17
22,Clx2,HUT.O,4.0,4.0,"F10.5, CB",1
22,FRL,HUT.O,24.0,4.0,CB,11
22,IND,HUT.O,3.0,8.0,"Book,CB,HI,HD,ST,GR",3
22,NxF,HUT.O,20.0,4.0,"HI, CB,ST,GR,Book",4
22,PMS,HUT.O,6.0,4.0,CB,6
22,SP,HUT.O,3.0,8.0,CB,5
22,TBD,HUT.O,8.0,1.0,CB,16
22,TBD,HUT.O,7.0,1.0,CB,16
22,TP,HUT.O,50.0,4.0,"HI, CB",17
22,VGR,HUT.O,8.0,8.0,CB,20
22,VGR,HUT.O,28.0,7.0,CB,20
22,Clx2,HUT23,4.0,3.0,"F10.5, CB",1
22,GO,HUT23,19.0,4.0,CB,12
22,SP,HUT23,3.0,3.0,CB,5
22,RT,JC,8.0,1.0,"F10.5,HI,CB",9999
22,Clx2,LEO,4.0,4.0,"F10.5, CB",1
22,HSR,LEO,20.0,4.0,CB,13
22,IND,LEO,3.0,8.0,"Book,CB,HI,HD,ST,GR",3
22,IWM,LEO,8.0,6.0,"HI, CB,DON",14
22,NxF,LEO,20.0,4.0,"HI, CB,ST,GR,Book",4
22,SP,LEO,3.0,4.0,CB,5
22,TP,LEO,50.0,3.0,"HI, CB",17
22,Clx2,MNH,4.0,5.0,"F10.5, CB",1
22,IND,MNH,3.0,8.0,"Book,CB,HI,HD,ST,GR",3
22,IWM,MNH,8.0,7.0,"HI, CB,DON",14
22,NxF,MNH,20.0,4.0,"HI, CB,ST,GR,Book",4
22,PMS,MNH,6.0,4.0,"HI, CB",6
22,SP,MNH,3.0,5.0,"HI, CB",5
22,TBD,MNH,4.0,7.0,CB,16
22,US,MNH,18.0,4.0,"HI, CB",19
22,IWM,MNH.L,8.0,5.0,"HI, CB,DON",14
22,IWM,MCD,4.0,10.0,"HI, CB,DON",14
22,RT,SL,8.0,1.0,"F10.5,HI,CB",9999
22,Clx2,SO.CC,4.0,4.0,"F10.5, CB",1
22,IND,SO.CC,3.0,8.0,"Book,CB,HI,HD,ST,GR",3
22,SP,SO.CC,3.0,4.0,"HI, CB",5
22,VR,SO.CC,40.0,4.0,"HI, CB",21
22,Clx2,SO.S,4.0,4.0,"F10.5, CB",1
22,IND,SO.S,3.0,8.0,"Book,CB,HI,HD,ST,GR",3
22,IWM,SO.S,8.0,4.0,"HI, CB,DON",14
22,NxF,SO.S,20.0,4.0,"HI, CB,ST,GR,Book",4
22,SP,SO.S,3.0,4.0,"HI, CB",5
22,TBD,SO.S,5.0,4.0,CB,16
22,VGR,SO.S,8.0,8.0,"HI, CB",20
22,VR,SO.S,40.0,4.0,"HI, CB",21
22,Clx2,SO.WW,4.0,4.0,"F10.5, CB",1
22,Clx2,SO.WW,4.0,4.0,"F10.5, CB",1
22,IND,SO.WW,3.0,8.0,"Book,CB,HI,HD,ST,GR",3
22,IND,SO.WW,3.0,8.0,"Book,CB,HI,HD,ST,GR",3
22,SP,SO.WW,3.0,4.0,"HI, CB",5
22,VR,SO.WW,40.0,4.0,"HI, CB",21
22,IND,DCD,2.0,8.0,"Book,CB,HI,HD,ST,GR",3
22,IND,THD,2.0,8.0,"Book,CB,HI,HD,ST,GR",3
22,IND,CLW,4.0,4.0,"Book,CB,HI,HD,ST,GR",3
22,IND,CDL,4.0,4.0,"Book,CB,HI,HD,ST,GR",3
22,IND,PRS,4.0,4.0,"Book,CB,HI,HD,ST,GR",3
23,Bio1,AB,6.0,5.0,"CB, HI",35
23,Bio2,AB,6.0,5.0,"CB, HI",36
23,Cl24,AB,48.0,3.0,"F10.5, CB",2
23,Clx2,AB,4.0,3.0,"F10.5, CB",1
23,IND,AB,6.0,4.0,"Book,CB,HI,HD,ST,GR",3
23,KF.FMC,AB,12.0,3.0,"CB, HI",29
23,K.PM,AB,6.0,4.0,"CB, HI",27
23,K.Tan.S,AB,12.0,4.0,"CB, HI",31
23,NxF,AB,20.0,3.0,"HI, CB,ST,GR,Book",4
23,RAIN,AB,17.0,4.0,"Book,CB,HI",15
23,RAIN,AB,17.0,4.0,"F6, F10.5, SD, HI, CB, HI-CH, SD-CH, HI-GR, SD-GR",15
23,SP,AB,3.0,6.0,"CB, HI",5
23,TRIT,AB,6.0,3.0,"CB, HI",32
23,Clx2,BE.O,4.0,6.0,"F10.5, CB, HI",1
23,IND,BE.O,6.0,4.0,"Book,CB,HI,HD,ST,GR",3
23,K.Scab,BE.O,18.0,4.0,"Book,CB,HI",30
23,SP,BE.O,3.0,6.0,"Book,CB,HI",5
23,Clx2,BE.S,4.0,3.0,"F10.5, CB, HI",1
23,IND,BE.S,6.0,4.0,"Book,CB,HI,HD,ST,GR",3
23,K.PM,BE.S,6.0,4.0,"Book,CB,HI",27
23,NxF,BE.S,20.0,3.0,"HI, CB,ST,GR,Book",4
23,SP,BE.S,3.0,4.0,"Book,CB,HI",5
23,SAN,BE.S,8.0,5.0,"Book,CB,HI",25
23,TP,BE.S,50.0,3.0,"Book,CB,HI, GR",17
23,Bio3,HAYS,6.0,6.0,"Book,CB,HI",37
23,Clx2,HAYS,4.0,5.0,"F10.5, CB, HI",1
23,FMC,HAYS,8.0,5.0,"Book,CB,HI",18
23,GCIWM,HAYS,20.0,4.0,"Book,CB,HI",26
23,IND,HAYS,6.0,4.0,"Book,CB,HI,HD,ST,GR",3
23,K.PM,HAYS,6.0,4.0,"Book,CB,HI",27
23,NxF,HAYS,20.0,4.0,"HI, CB,ST,GR,Book",4
23,SP,HAYS,3.0,4.0,"Book,CB,HI",5
23,SAN,HAYS,8.0,5.0,"Book,CB,HI",25
23,TP,HAYS,50.0,4.0,"Book,CB,HI, CH, GR",17
23,Clx2,HOI,4.0,5.0,"F10.5, CB, HI",1
23,FMC,HOI,8.0,5.0,"Book,CB,HI",18
23,GCIWM,HOI,20.0,4.0,"Book,CB,HI",26
23,IND,HOI,6.0,4.0,"Book,CB,HI,HD,ST,GR",3
23,NxF,HOI,20.0,5.0,"HI, CB,ST,GR,Book",4
23,SP,HOI,3.0,5.0,"CB, HI",5
23,SAN,HOI,8.0,5.0,"Book,CB,HI",25
23,TP,HOI,50.0,4.0,"Book,CB,HI, GR",17
23,ALF 1.1,HUT1,36.0,4.0,WP,0
23,ALF 1.2,HUT1,36.0,4.0,WP,0
23,ALF 1.3,HUT1,36.0,4.0,WP,0
23,ALF 1.1,HUT2,36.0,4.0,WP,0
23,ALF 1.2,HUT2,36.0,4.0,WP,0
23,ALF 1.3,HUT2,36.0,4.0,WP,0
23,Clx2,HUT.E,4.0,6.0,"F10.5, CB, HI",1
23,DP,HUT.E,22.0,4.0,"CB, HI",10
23,FHS,HUT.E,22.0,4.0,"F2, CB",23
23,NxF,HUT.E,20.0,3.0,"HI, CB,ST,GR,Book",4
23,SP,HUT.E,3.0,3.0,"CB, HI",5
23,Bio1,HUT.O,6.0,6.0,"Book, CB, HI",35
23,Bio2,HUT.O,6.0,6.0,"Book, CB, HI",36
23,Bio3,HUT.O,6.0,6.0,"Book, CB, HI",37
23,Cl24,HUT.O,48.0,3.0,"F10.5, CB",2
23,Clx2,HUT.O,4.0,4.0,"F10.5, CB, HI",1
23,FMC,HUT.O,8.0,5.0,"Book,CB,HI",18
23,GCIWM,HUT.O,20.0,4.0,"Book, CB, HI, F070_WPB",26
23,IND,HUT.O,6.0,4.0,"Book,CB,HI,HD,ST,GR",3
23,K.PM,HUT.O,6.0,4.0,"CB, HI",27
23,K.UFT,HUT.O,12.0,4.0,"CB, HI",28
23,NxF,HUT.O,20.0,4.0,"HI, CB,ST,GR,Book",4
23,SP,HUT.O,3.0,4.0,"CB, HI",5
23,TP,HUT.O,50.0,4.0,"Book,CB,HI, GR",17
23,TRIT,HUT.O,6.0,3.0,"CB, HI",32
23,GO,HUT17,22.0,3.0,"CB, HI",12
23,IND,HUT17,6.0,4.0,"Book,CB,HI,HD,ST,GR",3
23,SP,HUT17,3.0,3.0,"CB, HI",5
23,Clx2,LEO,4.0,5.0,"F10.5, CB, HI",1
23,GCIWM,LEO,20.0,4.0,"Book,CB,HI",26
23,HPD,LEO,20.0,4.0,"Book,CB,HI",33
23,IND,LEO,6.0,4.0,"Book,CB,HI,HD,ST,GR",3
23,NxF,LEO,20.0,4.0,"HI, CB,ST,GR,Book",4
23,SP,LEO,3.0,5.0,"CB, HI",5
23,SAN,LEO,8.0,5.0,"Book,CB,HI",25
23,TP,LEO,50.0,4.0,"Book,CB,HI,CH, GR",17
23,Clx2,MNH,4.0,6.0,"F10.5, CB, HI",1
23,GCIWM,MNH,20.0,4.0,"Book,CB,HI",26
23,IND,MNH,6.0,4.0,"Book,CB,HI,HD,ST,GR",3
23,K.Scab,MNH,18.0,4.0,"Book,CB,HI",30
23,NxF,MNH,20.0,4.0,"HI, CB,ST,GR,Book",4
23,SP,MNH,3.0,6.0,"Book,CB,HI",5
23,Clx2,PHG,4.0,3.0,"F10.5, CB, HI",1
23,GCIWM,PHG,20.0,4.0,"Book,CB,HI",26
23,IND,PHG,6.0,4.0,"Book,CB,HI,HD,ST,GR",3
23,NxF,PHG,20.0,4.0,"HI, CB,ST,GR,Book",4
23,SP,PHG,3.0,6.0,"Book,CB,HI",5
23,SAN,PHG,8.0,5.0,"Book,CB,HI",25
23,TP,PHG,50.0,3.0,"Book,CB,HI, GR",17
23,VD,PHG,6.0,1.0,"Book,CB,HI",34
23,ALF,HUT2,36.0,4.0,"WP3.1, WP3.2, WP3.3, WP4.1, WP4.2,WP4.3, WP5.1, WP5.2, WP5.3",35
23,ALF,HUT1,36.0,4.0,"WP3.1, WP3.2, WP3.3, WP4.1, WP4.2,WP4.3, WP5.1, WP5.2, WP5.3",35
24,K.PM,AB,6.0,4.0,PS,27
24,K.Tan.S,AB,12.0,4.0,PS,31
24,Clx2,AB,4.0,3.0,PS,1
24,Cl24,AB,48.0,3.0,PS,2
24,N4R,AB,12.0,4.0,PS,36
24,NxF,AB,20.0,3.0,PS,4
24,NxV,AB,56.0,3.0,PS,37
24,PBIO,AB,6.0,4.0,"PS, F3, F105_WPB, F105_STC, F105_STC",38
24,SP,AB,3.0,3.0,PS,5
24,K.Scab,BE.O,18.0,3.0,PS,30
24,HPD,BE.O,15.0,4.0,PS,33
24,K.PM,BE.S,6.0,4.0,PS,27
24,N4R,BE.S,12.0,3.0,PS,36
24,NxV,BE.S,56.0,3.0,PS,37
24,IND,BE.S,3.0,4.0,PS,3
24,Clx2,HAYS,4.0,4.0,PS,1
24,FMC,HAYS,8.0,4.0,PS,18
24,GCIWM,HAYS,20.0,4.0,PS,26
24,N4R,HAYS,12.0,4.0,PS,36
24,NxF,HAYS,20.0,4.0,PS,4
24,NxV,HAYS,56.0,4.0,PS,37
24,PBIO,HAYS,6.0,8.0,"PS, F3",38
24,SP,HAYS,3.0,4.0,PS,5
24,Clx2,HOI,4.0,4.0,PS,1
24,DEMO,HOI,28.0,1.0,PS,39
24,FMC,HOI,8.0,4.0,PS,18
24,GCIWM,HOI,20.0,4.0,PS,26
24,N4R,HOI,12.0,4.0,PS,36
24,NxF,HOI,20.0,4.0,PS,4
24,NxV,HOI,56.0,4.0,PS,37
24,SP,HOI,3.0,4.0,PS,5
24,Clx2,HUT.23BE,4.0,3.0,PS,1
24,DP,HUT.23BE,22.0,4.0,PS,10
24,FHS,HUT.23BE,22.0,4.0,PS,23
24,FMC,HUT.23BE,8.0,4.0,PS,18
24,SP,HUT.23BE,3.0,3.0,PS,5
24,K.ST2,HUT.23BO,14.0,3.0,PS,41
24,GO,HUT.23BO,22.0,3.0,PS,12
24,NxF,HUT.23BO,20.0,3.0,PS,4
24,IND,HUT.23BO,3.0,4.0,PS,3
24,Clx2,LEO,4.0,4.0,PS,1
24,HPD,LEO,20.0,4.0,PS,33
24,GCIWM,LEO,20.0,4.0,PS,26
24,NxF,LEO,20.0,4.0,PS,4
24,SP,LEO,3.0,4.0,PS,5
24,K.PM,MCP,6.0,4.0,PS,27
24,K.ST1,MCP,6.0,4.0,PS,40
24,FKF,MCP,12.0,4.0,PS,9
24,Clx2,MCP,4.0,4.0,PS,1
24,GCIWM,MCP,20.0,4.0,PS,26
24,N4R,MCP,12.0,4.0,PS,36
24,NxF,MCP,20.0,4.0,PS,4
24,NxV,MCP,56.0,4.0,PS,37
24,PBIO,MCP,6.0,8.0,"PS, F3",38
24,SP,MCP,3.0,4.0,PS,5
24,IBIO,MCP,7.0,6.0,PS,42
24,IND,MCP,3.0,4.0,PS,3
24,S.B,MCP,10.0,4.0,PS,43
24,K.Scab,MNH,18.0,4.0,PS,30
24,Clx2,MNH,4.0,6.0,"PS, F105_WPB",1
24,IWM,MNH,20.0,3.0,PS,14
24,N4R,MNH,12.0,3.0,PS,36
24,NxV,MNH,56.0,3.0,PS,37
24,PBIO,MNH,6.0,8.0,"PS, F3",38
24,SP,MNH,3.0,6.0,PS,5
24,IND,MNH,3.0,5.0,PS,3
24,Clx2,PHG,4.0,4.0,PS,1
24,DEMO,PHG,28.0,1.0,PS,39
24,FMC,PHG,8.0,4.0,PS,18
24,GCIWM,PHG,20.0,4.0,PS,26
24,N4R,PHG,12.0,4.0,PS,36
24,NxF,PHG,20.0,4.0,PS,4
24,NxV,PHG,56.0,4.0,PS,37
24,PBIO,PHG,6.0,8.0,"PS, F3",38
24,SP,PHG,3.0,4.0,PS,5
10,NxF,AB,1.0,1.0,,9999
24,AST,BE,6.0,4.0,"F105_WPB, F060_WPB",9999
